[
  {
    "fields": {
      "actual_city_name": "Vancouver",
      "name": "Vancouver",
      "population": 631000.0
    },
    "model": "data.city",
    "pk": 1
  },
  {
    "fields": {
      "actual_city_name": "Milwaukee",
      "name": "Milwaukee",
      "population": 595000.0
    },
    "model": "data.city",
    "pk": 2
  },
  {
    "fields": {
      "actual_city_name": "Denver",
      "name": "Denver",
      "population": 715000.0
    },
    "model": "data.city",
    "pk": 3
  },
  {
    "fields": {
      "actual_city_name": "Los Angeles",
      "name": "Los Angeles",
      "population": 3898000.0
    },
    "model": "data.city",
    "pk": 4
  },
  {
    "fields": {
      "actual_city_name": "Seattle",
      "name": "Seattle",
      "population": 769000.0
    },
    "model": "data.city",
    "pk": 5
  },
  {
    "fields": {
      "actual_city_name": "Sacramento",
      "name": "Sacramento",
      "population": 525000.0
    },
    "model": "data.city",
    "pk": 6
  },
  {
    "fields": {
      "actual_city_name": "Pittsburgh",
      "name": "Pittsburgh",
      "population": 300000.0
    },
    "model": "data.city",
    "pk": 7
  },
  {
    "fields": {
      "actual_city_name": "Buffalo",
      "name": "Buffalo",
      "population": 277000.0
    },
    "model": "data.city",
    "pk": 8
  },
  {
    "fields": {
      "actual_city_name": "Orlando",
      "name": "Orlando",
      "population": 307000.0
    },
    "model": "data.city",
    "pk": 9
  },
  {
    "fields": {
      "actual_city_name": "Atlanta",
      "name": "Atlanta",
      "population": 522000.0
    },
    "model": "data.city",
    "pk": 10
  },
  {
    "fields": {
      "actual_city_name": "Portland",
      "name": "Portland",
      "population": 652000.0
    },
    "model": "data.city",
    "pk": 11
  },
  {
    "fields": {
      "actual_city_name": "Boston",
      "name": "Boston",
      "population": 692000.0
    },
    "model": "data.city",
    "pk": 12
  },
  {
    "fields": {
      "actual_city_name": "Cincinnati",
      "name": "Cincinnati",
      "population": 303000.0
    },
    "model": "data.city",
    "pk": 13
  },
  {
    "fields": {
      "actual_city_name": "Syracuse",
      "name": "Syracuse",
      "population": 142000.0
    },
    "model": "data.city",
    "pk": 14
  },
  {
    "fields": {
      "actual_city_name": "San Francisco",
      "name": "Golden State",
      "population": 815000.0
    },
    "model": "data.city",
    "pk": 15
  },
  {
    "fields": {
      "actual_city_name": "Dallas",
      "name": "Dallas",
      "population": 1343000.0
    },
    "model": "data.city",
    "pk": 16
  },
  {
    "fields": {
      "actual_city_name": "Houston",
      "name": "Houston",
      "population": 2304000.0
    },
    "model": "data.city",
    "pk": 17
  },
  {
    "fields": {
      "actual_city_name": "Philadelphia",
      "name": "Philadelphia",
      "population": 1610000.0
    },
    "model": "data.city",
    "pk": 18
  },
  {
    "fields": {
      "actual_city_name": "Indianapolis",
      "name": "Indiana",
      "population": 887000.0
    },
    "model": "data.city",
    "pk": 19
  },
  {
    "fields": {
      "actual_city_name": "St. Louis\u00a0",
      "name": "St. Louis\u00a0",
      "population": 293000.0
    },
    "model": "data.city",
    "pk": 20
  },
  {
    "fields": {
      "actual_city_name": "Baltimore",
      "name": "Baltimore",
      "population": 576000.0
    },
    "model": "data.city",
    "pk": 21
  },
  {
    "fields": {
      "actual_city_name": "Detroit",
      "name": "Detroit",
      "population": 632000.0
    },
    "model": "data.city",
    "pk": 22
  },
  {
    "fields": {
      "actual_city_name": "Oklahoma City",
      "name": "Oklahoma City",
      "population": 655000.0
    },
    "model": "data.city",
    "pk": 23
  },
  {
    "fields": {
      "actual_city_name": "Phoenix",
      "name": "Phoenix",
      "population": 1608000.0
    },
    "model": "data.city",
    "pk": 24
  },
  {
    "fields": {
      "actual_city_name": "Brooklyn",
      "name": "Brooklyn",
      "population": 2736000.0
    },
    "model": "data.city",
    "pk": 25
  },
  {
    "fields": {
      "actual_city_name": "St. Louis",
      "name": "St. Louis",
      "population": 293000.0
    },
    "model": "data.city",
    "pk": 26
  },
  {
    "fields": {
      "actual_city_name": "San Diego",
      "name": "San Diego",
      "population": 1425000.0
    },
    "model": "data.city",
    "pk": 27
  },
  {
    "fields": {
      "actual_city_name": "Washington",
      "name": "Washington",
      "population": 705000.0
    },
    "model": "data.city",
    "pk": 28
  },
  {
    "fields": {
      "actual_city_name": "New York",
      "name": "New York",
      "population": 8336000.0
    },
    "model": "data.city",
    "pk": 29
  },
  {
    "fields": {
      "actual_city_name": "Toronto",
      "name": "Toronto",
      "population": 2732000.0
    },
    "model": "data.city",
    "pk": 30
  },
  {
    "fields": {
      "actual_city_name": "Miami",
      "name": "Miami",
      "population": 439000.0
    },
    "model": "data.city",
    "pk": 31
  },
  {
    "fields": {
      "actual_city_name": "New Orleans",
      "name": "New Orleans",
      "population": 383000.0
    },
    "model": "data.city",
    "pk": 32
  },
  {
    "fields": {
      "actual_city_name": "Memphis",
      "name": "Memphis",
      "population": 633000.0
    },
    "model": "data.city",
    "pk": 33
  },
  {
    "fields": {
      "actual_city_name": "Charlotte",
      "name": "Charlotte",
      "population": 912000.0
    },
    "model": "data.city",
    "pk": 34
  },
  {
    "fields": {
      "actual_city_name": "Chicago",
      "name": "Chicago",
      "population": 2746000.0
    },
    "model": "data.city",
    "pk": 35
  },
  {
    "fields": {
      "name": "Kansas City-Omaha"
    },
    "model": "data.city",
    "pk": 36
  },
  {
    "fields": {
      "actual_city_name": "East Rutherford",
      "name": "New Jersey",
      "population": 10421.0
    },
    "model": "data.city",
    "pk": 37
  },
  {
    "fields": {
      "actual_city_name": "Minneapolis",
      "name": "Minnesota",
      "population": 429000.0
    },
    "model": "data.city",
    "pk": 38
  },
  {
    "fields": {
      "actual_city_name": "Cleveland",
      "name": "Cleveland",
      "population": 372000.0
    },
    "model": "data.city",
    "pk": 39
  },
  {
    "fields": {
      "actual_city_name": "Salt Lake City",
      "name": "Utah",
      "population": 199000.0
    },
    "model": "data.city",
    "pk": 40
  },
  {
    "fields": {
      "actual_city_name": "Louisville",
      "name": "Kentucky",
      "population": 622981.0
    },
    "model": "data.city",
    "pk": 41
  },
  {
    "fields": {
      "actual_city_name": "San Antonio",
      "name": "San Antonio",
      "population": 1434000.0
    },
    "model": "data.city",
    "pk": 42
  },
  {
    "fields": {
      "actual_city_name": "Washington, DC",
      "name": "Washington",
      "population": 705000.0
    },
    "model": "data.city",
    "pk": 43
  },
  {
    "fields": {
      "actual_city_name": "San Francisco",
      "name": "San Francisco",
      "population": 815000.0
    },
    "model": "data.city",
    "pk": 44
  },
  {
    "fields": {
      "actual_city_name": "Anaheim",
      "name": "Anaheim",
      "population": 354000.0
    },
    "model": "data.city",
    "pk": 45
  },
  {
    "fields": {
      "actual_city_name": "Kansas City",
      "name": "Kansas City",
      "population": 508000.0
    },
    "model": "data.city",
    "pk": 46
  },
  {
    "fields": {
      "actual_city_name": "Miami",
      "name": "Florida",
      "population": 439000.0
    },
    "model": "data.city",
    "pk": 47
  },
  {
    "fields": {
      "name": "New Orleans/Oklahoma City"
    },
    "model": "data.city",
    "pk": 48
  },
  {
    "fields": {
      "actual_city_name": "Oakland",
      "name": "Oakland",
      "population": 440000.0
    },
    "model": "data.city",
    "pk": 49
  },
  {
    "fields": {
      "actual_city_name": "Fort Wayne",
      "name": "Fort Wayne",
      "population": 267000.0
    },
    "model": "data.city",
    "pk": 50
  },
  {
    "fields": {
      "actual_city_name": "Indianapolis",
      "name": "Indianapolis",
      "population": 887000.0
    },
    "model": "data.city",
    "pk": 51
  },
  {
    "fields": {
      "actual_city_name": "Norfolk, VA",
      "name": "Virginia",
      "population": 247000.0
    },
    "model": "data.city",
    "pk": 52
  },
  {
    "fields": {
      "actual_city_name": "Minneapolis",
      "name": "Minneapolis",
      "population": 429000.0
    },
    "model": "data.city",
    "pk": 53
  },
  {
    "fields": {
      "actual_city_name": "Moline",
      "name": "Tri-Cities",
      "population": 43000.0
    },
    "model": "data.city",
    "pk": 54
  },
  {
    "fields": {
      "actual_city_name": "Fort Worth",
      "name": "Texas",
      "population": 927000.0
    },
    "model": "data.city",
    "pk": 55
  },
  {
    "fields": {
      "actual_city_name": "Providence",
      "name": "Providence",
      "population": 179000.0
    },
    "model": "data.city",
    "pk": 56
  },
  {
    "fields": {
      "actual_city_name": "Anderson",
      "name": "Anderson",
      "population": 56000.0
    },
    "model": "data.city",
    "pk": 57
  },
  {
    "fields": {
      "actual_city_name": "Waterloo",
      "name": "Waterloo",
      "population": 68000.0
    },
    "model": "data.city",
    "pk": 58
  },
  {
    "fields": {
      "actual_city_name": "Greensboro",
      "name": "Carolina",
      "population": 299000.0
    },
    "model": "data.city",
    "pk": 59
  },
  {
    "fields": {
      "actual_city_name": "Sheboygan",
      "name": "Sheboygan",
      "population": 49000.0
    },
    "model": "data.city",
    "pk": 60
  },
  {
    "fields": {
      "actual_city_name": "Rochester",
      "name": "Rochester",
      "population": 211000.0
    },
    "model": "data.city",
    "pk": 61
  },
  {
    "fields": {
      "name": "Memphis Grizzlies"
    },
    "model": "data.franchise",
    "pk": 1
  },
  {
    "fields": {
      "name": "Milwaukee Bucks"
    },
    "model": "data.franchise",
    "pk": 2
  },
  {
    "fields": {
      "name": "Denver Nuggets"
    },
    "model": "data.franchise",
    "pk": 3
  },
  {
    "fields": {
      "name": "Los Angeles Lakers"
    },
    "model": "data.franchise",
    "pk": 4
  },
  {
    "fields": {
      "name": "Oklahoma City Thunder"
    },
    "model": "data.franchise",
    "pk": 5
  },
  {
    "fields": {
      "name": "Sacramento Kings"
    },
    "model": "data.franchise",
    "pk": 6
  },
  {
    "fields": {
      "name": "Pittsburgh Ironmen"
    },
    "model": "data.franchise",
    "pk": 7
  },
  {
    "fields": {
      "name": "Los Angeles Clippers"
    },
    "model": "data.franchise",
    "pk": 8
  },
  {
    "fields": {
      "name": "Orlando Magic"
    },
    "model": "data.franchise",
    "pk": 9
  },
  {
    "fields": {
      "name": "Atlanta Hawks"
    },
    "model": "data.franchise",
    "pk": 10
  },
  {
    "fields": {
      "name": "Portland Trail Blazers"
    },
    "model": "data.franchise",
    "pk": 11
  },
  {
    "fields": {
      "name": "Boston Celtics"
    },
    "model": "data.franchise",
    "pk": 12
  },
  {
    "fields": {
      "name": "Philadelphia 76ers"
    },
    "model": "data.franchise",
    "pk": 13
  },
  {
    "fields": {
      "name": "Golden State Warriors"
    },
    "model": "data.franchise",
    "pk": 14
  },
  {
    "fields": {
      "name": "Dallas Mavericks"
    },
    "model": "data.franchise",
    "pk": 15
  },
  {
    "fields": {
      "name": "Houston Rockets"
    },
    "model": "data.franchise",
    "pk": 16
  },
  {
    "fields": {
      "name": "Indiana Pacers"
    },
    "model": "data.franchise",
    "pk": 17
  },
  {
    "fields": {
      "name": "St. Louis Bombers"
    },
    "model": "data.franchise",
    "pk": 18
  },
  {
    "fields": {
      "name": "Baltimore Bullets"
    },
    "model": "data.franchise",
    "pk": 19
  },
  {
    "fields": {
      "name": "Detroit Pistons"
    },
    "model": "data.franchise",
    "pk": 20
  },
  {
    "fields": {
      "name": "Phoenix Suns"
    },
    "model": "data.franchise",
    "pk": 21
  },
  {
    "fields": {
      "name": "Brooklyn Nets"
    },
    "model": "data.franchise",
    "pk": 22
  },
  {
    "fields": {
      "name": "Spirits of St. Louis"
    },
    "model": "data.franchise",
    "pk": 23
  },
  {
    "fields": {
      "name": "San Diego Sails"
    },
    "model": "data.franchise",
    "pk": 24
  },
  {
    "fields": {
      "name": "Washington Bullets"
    },
    "model": "data.franchise",
    "pk": 25
  },
  {
    "fields": {
      "name": "New York Knicks"
    },
    "model": "data.franchise",
    "pk": 26
  },
  {
    "fields": {
      "name": "Toronto Raptors"
    },
    "model": "data.franchise",
    "pk": 27
  },
  {
    "fields": {
      "name": "Miami Heat"
    },
    "model": "data.franchise",
    "pk": 28
  },
  {
    "fields": {
      "name": "New Orleans Pelicans"
    },
    "model": "data.franchise",
    "pk": 29
  },
  {
    "fields": {
      "name": "Charlotte Hornets"
    },
    "model": "data.franchise",
    "pk": 30
  },
  {
    "fields": {
      "name": "Chicago Bulls"
    },
    "model": "data.franchise",
    "pk": 31
  },
  {
    "fields": {
      "name": "Utah Jazz"
    },
    "model": "data.franchise",
    "pk": 32
  },
  {
    "fields": {
      "name": "Minnesota Timberwolves"
    },
    "model": "data.franchise",
    "pk": 33
  },
  {
    "fields": {
      "name": "Cleveland Cavaliers"
    },
    "model": "data.franchise",
    "pk": 34
  },
  {
    "fields": {
      "name": "Kentucky Colonels"
    },
    "model": "data.franchise",
    "pk": 35
  },
  {
    "fields": {
      "name": "San Antonio Spurs"
    },
    "model": "data.franchise",
    "pk": 36
  },
  {
    "fields": {
      "name": "Washington Wizards"
    },
    "model": "data.franchise",
    "pk": 37
  },
  {
    "fields": {
      "name": "Utah Stars"
    },
    "model": "data.franchise",
    "pk": 38
  },
  {
    "fields": {
      "name": "The Floridians"
    },
    "model": "data.franchise",
    "pk": 39
  },
  {
    "fields": {
      "name": "Virginia Squires"
    },
    "model": "data.franchise",
    "pk": 40
  },
  {
    "fields": {
      "name": "Pittsburgh Condors"
    },
    "model": "data.franchise",
    "pk": 41
  },
  {
    "fields": {
      "name": "Memphis Sounds"
    },
    "model": "data.franchise",
    "pk": 42
  },
  {
    "fields": {
      "name": "Detroit Falcons"
    },
    "model": "data.franchise",
    "pk": 43
  },
  {
    "fields": {
      "name": "Chicago Stags"
    },
    "model": "data.franchise",
    "pk": 44
  },
  {
    "fields": {
      "name": "Indianapolis Olympians"
    },
    "model": "data.franchise",
    "pk": 45
  },
  {
    "fields": {
      "name": "Washington Capitols"
    },
    "model": "data.franchise",
    "pk": 46
  },
  {
    "fields": {
      "name": "Denver Nuggets-Defunct"
    },
    "model": "data.franchise",
    "pk": 47
  },
  {
    "fields": {
      "name": "Cleveland Rebels"
    },
    "model": "data.franchise",
    "pk": 48
  },
  {
    "fields": {
      "name": "Providence Steamrollers"
    },
    "model": "data.franchise",
    "pk": 49
  },
  {
    "fields": {
      "name": "Toronto Huskies"
    },
    "model": "data.franchise",
    "pk": 50
  },
  {
    "fields": {
      "name": "Indianapolis Jets"
    },
    "model": "data.franchise",
    "pk": 51
  },
  {
    "fields": {
      "name": "Anderson Packers"
    },
    "model": "data.franchise",
    "pk": 52
  },
  {
    "fields": {
      "name": "Waterloo Hawks"
    },
    "model": "data.franchise",
    "pk": 53
  },
  {
    "fields": {
      "name": "Sheboygan Red Skins"
    },
    "model": "data.franchise",
    "pk": 54
  },
  {
    "fields": {
      "active_team": false,
      "city": 1,
      "franchise": 1,
      "name": "Grizzlies"
    },
    "model": "data.team",
    "pk": "VAN"
  },
  {
    "fields": {
      "active_team": true,
      "city": 2,
      "franchise": 2,
      "name": "Bucks"
    },
    "model": "data.team",
    "pk": "MIL"
  },
  {
    "fields": {
      "active_team": true,
      "city": 3,
      "franchise": 3,
      "name": "Nuggets"
    },
    "model": "data.team",
    "pk": "DEN"
  },
  {
    "fields": {
      "active_team": true,
      "city": 4,
      "franchise": 4,
      "name": "Lakers"
    },
    "model": "data.team",
    "pk": "LAL"
  },
  {
    "fields": {
      "active_team": false,
      "city": 5,
      "franchise": 5,
      "name": "SuperSonics"
    },
    "model": "data.team",
    "pk": "SEA"
  },
  {
    "fields": {
      "active_team": true,
      "city": 6,
      "franchise": 6,
      "name": "Kings"
    },
    "model": "data.team",
    "pk": "SAC"
  },
  {
    "fields": {
      "active_team": false,
      "city": 7,
      "franchise": 7,
      "name": "Ironmen"
    },
    "model": "data.team",
    "pk": "PIT"
  },
  {
    "fields": {
      "active_team": false,
      "city": 8,
      "franchise": 8,
      "name": "Braves"
    },
    "model": "data.team",
    "pk": "BUF"
  },
  {
    "fields": {
      "active_team": true,
      "city": 9,
      "franchise": 9,
      "name": "Magic"
    },
    "model": "data.team",
    "pk": "ORL"
  },
  {
    "fields": {
      "active_team": true,
      "city": 10,
      "franchise": 10,
      "name": "Hawks"
    },
    "model": "data.team",
    "pk": "ATL"
  },
  {
    "fields": {
      "active_team": true,
      "city": 11,
      "franchise": 11,
      "name": "Trail Blazers"
    },
    "model": "data.team",
    "pk": "POR"
  },
  {
    "fields": {
      "active_team": true,
      "city": 12,
      "franchise": 12,
      "name": "Celtics"
    },
    "model": "data.team",
    "pk": "BOS"
  },
  {
    "fields": {
      "active_team": false,
      "city": 13,
      "franchise": 6,
      "name": "Royals"
    },
    "model": "data.team",
    "pk": "CIN"
  },
  {
    "fields": {
      "active_team": false,
      "city": 14,
      "franchise": 13,
      "name": "Nationals"
    },
    "model": "data.team",
    "pk": "SYR"
  },
  {
    "fields": {
      "active_team": true,
      "city": 15,
      "franchise": 14,
      "name": "Warriors"
    },
    "model": "data.team",
    "pk": "GSW"
  },
  {
    "fields": {
      "active_team": true,
      "city": 16,
      "franchise": 15,
      "name": "Mavericks"
    },
    "model": "data.team",
    "pk": "DAL"
  },
  {
    "fields": {
      "active_team": true,
      "city": 17,
      "franchise": 16,
      "name": "Rockets"
    },
    "model": "data.team",
    "pk": "HOU"
  },
  {
    "fields": {
      "active_team": true,
      "city": 18,
      "franchise": 13,
      "name": "76ers"
    },
    "model": "data.team",
    "pk": "PHI"
  },
  {
    "fields": {
      "active_team": true,
      "city": 19,
      "franchise": 17,
      "name": "Pacers"
    },
    "model": "data.team",
    "pk": "IND"
  },
  {
    "fields": {
      "active_team": false,
      "city": 20,
      "franchise": 18,
      "name": "Bombers"
    },
    "model": "data.team",
    "pk": "STB"
  },
  {
    "fields": {
      "active_team": false,
      "city": 21,
      "franchise": 19,
      "name": "Bullets"
    },
    "model": "data.team",
    "pk": "BLB"
  },
  {
    "fields": {
      "active_team": true,
      "city": 22,
      "franchise": 20,
      "name": "Pistons"
    },
    "model": "data.team",
    "pk": "DET"
  },
  {
    "fields": {
      "active_team": true,
      "city": 23,
      "franchise": 5,
      "name": "Thunder"
    },
    "model": "data.team",
    "pk": "OKC"
  },
  {
    "fields": {
      "active_team": true,
      "city": 24,
      "franchise": 21,
      "name": "Suns"
    },
    "model": "data.team",
    "pk": "PHO"
  },
  {
    "fields": {
      "active_team": true,
      "city": 25,
      "franchise": 22,
      "name": "Nets"
    },
    "model": "data.team",
    "pk": "BRK"
  },
  {
    "fields": {
      "active_team": false,
      "city": 26,
      "franchise": 23,
      "name": "Spirits of"
    },
    "model": "data.team",
    "pk": "SSL"
  },
  {
    "fields": {
      "active_team": false,
      "city": 27,
      "franchise": 16,
      "name": "Rockets"
    },
    "model": "data.team",
    "pk": "SDR"
  },
  {
    "fields": {
      "active_team": false,
      "city": 27,
      "franchise": 24,
      "name": "Conquistadors"
    },
    "model": "data.team",
    "pk": "SDA"
  },
  {
    "fields": {
      "active_team": false,
      "city": 28,
      "franchise": 25,
      "name": "Bullets"
    },
    "model": "data.team",
    "pk": "WSB"
  },
  {
    "fields": {
      "active_team": true,
      "city": 29,
      "franchise": 26,
      "name": "Knicks"
    },
    "model": "data.team",
    "pk": "NYK"
  },
  {
    "fields": {
      "active_team": true,
      "city": 30,
      "franchise": 27,
      "name": "Raptors"
    },
    "model": "data.team",
    "pk": "TOR"
  },
  {
    "fields": {
      "active_team": true,
      "city": 31,
      "franchise": 28,
      "name": "Heat"
    },
    "model": "data.team",
    "pk": "MIA"
  },
  {
    "fields": {
      "active_team": true,
      "city": 4,
      "franchise": 8,
      "name": "Clippers"
    },
    "model": "data.team",
    "pk": "LAC"
  },
  {
    "fields": {
      "active_team": true,
      "city": 32,
      "franchise": 29,
      "name": "Pelicans"
    },
    "model": "data.team",
    "pk": "NOP"
  },
  {
    "fields": {
      "active_team": true,
      "city": 33,
      "franchise": 1,
      "name": "Grizzlies"
    },
    "model": "data.team",
    "pk": "MEM"
  },
  {
    "fields": {
      "active_team": false,
      "city": 34,
      "franchise": 30,
      "name": "Hornets-Previous"
    },
    "model": "data.team",
    "pk": "CHH"
  },
  {
    "fields": {
      "active_team": true,
      "city": 35,
      "franchise": 31,
      "name": "Bulls"
    },
    "model": "data.team",
    "pk": "CHI"
  },
  {
    "fields": {
      "active_team": true,
      "city": 32,
      "franchise": 32,
      "name": "Jazz"
    },
    "model": "data.team",
    "pk": "NOJ"
  },
  {
    "fields": {
      "active_team": false,
      "city": 36,
      "franchise": 6,
      "name": "Kings"
    },
    "model": "data.team",
    "pk": "KCO"
  },
  {
    "fields": {
      "active_team": false,
      "city": 37,
      "franchise": 22,
      "name": "Nets"
    },
    "model": "data.team",
    "pk": "NJN"
  },
  {
    "fields": {
      "active_team": false,
      "city": 34,
      "franchise": 30,
      "name": "Bobcats"
    },
    "model": "data.team",
    "pk": "CHA"
  },
  {
    "fields": {
      "active_team": true,
      "city": 38,
      "franchise": 33,
      "name": "Timberwolves"
    },
    "model": "data.team",
    "pk": "MIN"
  },
  {
    "fields": {
      "active_team": true,
      "city": 39,
      "franchise": 34,
      "name": "Cavaliers"
    },
    "model": "data.team",
    "pk": "CLE"
  },
  {
    "fields": {
      "active_team": true,
      "city": 40,
      "franchise": 32,
      "name": "Jazz"
    },
    "model": "data.team",
    "pk": "UTA"
  },
  {
    "fields": {
      "active_team": false,
      "city": 41,
      "franchise": 35,
      "name": "Colonels"
    },
    "model": "data.team",
    "pk": "KEN"
  },
  {
    "fields": {
      "active_team": true,
      "city": 42,
      "franchise": 36,
      "name": "Spurs"
    },
    "model": "data.team",
    "pk": "SAS"
  },
  {
    "fields": {
      "active_team": false,
      "city": 19,
      "franchise": 17,
      "name": "Pacers-ABA"
    },
    "model": "data.team",
    "pk": "INA"
  },
  {
    "fields": {
      "active_team": false,
      "city": 32,
      "franchise": 29,
      "name": "Hornets"
    },
    "model": "data.team",
    "pk": "NOH"
  },
  {
    "fields": {
      "active_team": true,
      "city": 28,
      "franchise": 37,
      "name": "Wizards"
    },
    "model": "data.team",
    "pk": "WAS"
  },
  {
    "fields": {
      "active_team": false,
      "city": 44,
      "franchise": 14,
      "name": "Warriors"
    },
    "model": "data.team",
    "pk": "SFW"
  },
  {
    "fields": {
      "active_team": false,
      "city": 45,
      "franchise": 38,
      "name": "Amigos"
    },
    "model": "data.team",
    "pk": "ANA"
  },
  {
    "fields": {
      "active_team": false,
      "city": 46,
      "franchise": 6,
      "name": "Kings"
    },
    "model": "data.team",
    "pk": "KCK"
  },
  {
    "fields": {
      "active_team": false,
      "city": 47,
      "franchise": 39,
      "name": "Floridians"
    },
    "model": "data.team",
    "pk": "FLO"
  },
  {
    "fields": {
      "active_team": false,
      "city": 48,
      "franchise": 29,
      "name": "Hornets"
    },
    "model": "data.team",
    "pk": "NOK"
  },
  {
    "fields": {
      "active_team": false,
      "city": 37,
      "franchise": 22,
      "name": "Americans"
    },
    "model": "data.team",
    "pk": "NJA"
  },
  {
    "fields": {
      "active_team": false,
      "city": 31,
      "franchise": 39,
      "name": "Floridians"
    },
    "model": "data.team",
    "pk": "MMF"
  },
  {
    "fields": {
      "active_team": false,
      "city": 4,
      "franchise": 38,
      "name": "Stars"
    },
    "model": "data.team",
    "pk": "LAS"
  },
  {
    "fields": {
      "active_team": false,
      "city": 49,
      "franchise": 40,
      "name": "Oaks"
    },
    "model": "data.team",
    "pk": "OAK"
  },
  {
    "fields": {
      "active_team": false,
      "city": 29,
      "franchise": 22,
      "name": "Nets-ABA"
    },
    "model": "data.team",
    "pk": "NYA"
  },
  {
    "fields": {
      "active_team": false,
      "city": 38,
      "franchise": 41,
      "name": "Pipers"
    },
    "model": "data.team",
    "pk": "MNP"
  },
  {
    "fields": {
      "active_team": false,
      "city": 3,
      "franchise": 3,
      "name": "Rockets"
    },
    "model": "data.team",
    "pk": "DNR"
  },
  {
    "fields": {
      "active_team": false,
      "city": 27,
      "franchise": 8,
      "name": "Clippers"
    },
    "model": "data.team",
    "pk": "SDC"
  },
  {
    "fields": {
      "active_team": false,
      "city": 18,
      "franchise": 14,
      "name": "Warriors"
    },
    "model": "data.team",
    "pk": "PHW"
  },
  {
    "fields": {
      "active_team": false,
      "city": 29,
      "franchise": 22,
      "name": "Nets"
    },
    "model": "data.team",
    "pk": "NYN"
  },
  {
    "fields": {
      "active_team": false,
      "city": 33,
      "franchise": 42,
      "name": "Tams"
    },
    "model": "data.team",
    "pk": "MMT"
  },
  {
    "fields": {
      "active_team": false,
      "city": 26,
      "franchise": 10,
      "name": "Hawks"
    },
    "model": "data.team",
    "pk": "STL"
  },
  {
    "fields": {
      "active_team": false,
      "city": 50,
      "franchise": 20,
      "name": "Pistons"
    },
    "model": "data.team",
    "pk": "FTW"
  },
  {
    "fields": {
      "active_team": false,
      "city": 22,
      "franchise": 43,
      "name": "Falcons"
    },
    "model": "data.team",
    "pk": "DTF"
  },
  {
    "fields": {
      "active_team": false,
      "city": 21,
      "franchise": 37,
      "name": "Bullets"
    },
    "model": "data.team",
    "pk": "BAL"
  },
  {
    "fields": {
      "active_team": false,
      "city": 42,
      "franchise": 36,
      "name": "Spurs-ABA"
    },
    "model": "data.team",
    "pk": "SAA"
  },
  {
    "fields": {
      "active_team": true,
      "city": 34,
      "franchise": 30,
      "name": "Hornets"
    },
    "model": "data.team",
    "pk": "CHO"
  },
  {
    "fields": {
      "active_team": false,
      "city": 35,
      "franchise": 44,
      "name": "Stags"
    },
    "model": "data.team",
    "pk": "CHS"
  },
  {
    "fields": {
      "active_team": false,
      "city": 7,
      "franchise": 41,
      "name": "Condors"
    },
    "model": "data.team",
    "pk": "PTC"
  },
  {
    "fields": {
      "active_team": false,
      "city": 51,
      "franchise": 45,
      "name": "Olympians"
    },
    "model": "data.team",
    "pk": "INO"
  },
  {
    "fields": {
      "active_team": false,
      "city": 52,
      "franchise": 40,
      "name": "Squires"
    },
    "model": "data.team",
    "pk": "VIR"
  },
  {
    "fields": {
      "active_team": false,
      "city": 28,
      "franchise": 46,
      "name": "Capitols"
    },
    "model": "data.team",
    "pk": "WSC"
  },
  {
    "fields": {
      "active_team": false,
      "city": 28,
      "franchise": 40,
      "name": "Capitols-ABA"
    },
    "model": "data.team",
    "pk": "WSA"
  },
  {
    "fields": {
      "active_team": false,
      "city": 3,
      "franchise": 47,
      "name": "Nuggets-Defunct"
    },
    "model": "data.team",
    "pk": "DNN"
  },
  {
    "fields": {
      "active_team": false,
      "city": 39,
      "franchise": 48,
      "name": "Rebels"
    },
    "model": "data.team",
    "pk": "CLR"
  },
  {
    "fields": {
      "active_team": false,
      "city": 53,
      "franchise": 4,
      "name": "Lakers"
    },
    "model": "data.team",
    "pk": "MNL"
  },
  {
    "fields": {
      "active_team": false,
      "city": 16,
      "franchise": 36,
      "name": "Chaparrals"
    },
    "model": "data.team",
    "pk": "DLC"
  },
  {
    "fields": {
      "active_team": false,
      "city": 54,
      "franchise": 10,
      "name": "Blackhawks"
    },
    "model": "data.team",
    "pk": "TRI"
  },
  {
    "fields": {
      "active_team": false,
      "city": 55,
      "franchise": 36,
      "name": "Chaparrals"
    },
    "model": "data.team",
    "pk": "TEX"
  },
  {
    "fields": {
      "active_team": false,
      "city": 40,
      "franchise": 38,
      "name": "Stars"
    },
    "model": "data.team",
    "pk": "UTS"
  },
  {
    "fields": {
      "active_team": false,
      "city": 17,
      "franchise": 23,
      "name": "Mavericks"
    },
    "model": "data.team",
    "pk": "HSM"
  },
  {
    "fields": {
      "active_team": false,
      "city": 3,
      "franchise": 3,
      "name": "Nuggets-ABA"
    },
    "model": "data.team",
    "pk": "DNA"
  },
  {
    "fields": {
      "active_team": false,
      "city": 2,
      "franchise": 10,
      "name": "Hawks"
    },
    "model": "data.team",
    "pk": "MLH"
  },
  {
    "fields": {
      "active_team": false,
      "city": 56,
      "franchise": 49,
      "name": "Steamrollers"
    },
    "model": "data.team",
    "pk": "PRO"
  },
  {
    "fields": {
      "active_team": false,
      "city": 35,
      "franchise": 37,
      "name": "Zephyrs"
    },
    "model": "data.team",
    "pk": "CHZ"
  },
  {
    "fields": {
      "active_team": false,
      "city": 35,
      "franchise": 37,
      "name": "Packers"
    },
    "model": "data.team",
    "pk": "CHP"
  },
  {
    "fields": {
      "active_team": false,
      "city": 7,
      "franchise": 41,
      "name": "Pipers"
    },
    "model": "data.team",
    "pk": "PTP"
  },
  {
    "fields": {
      "active_team": false,
      "city": 30,
      "franchise": 50,
      "name": "Huskies"
    },
    "model": "data.team",
    "pk": "TRH"
  },
  {
    "fields": {
      "active_team": false,
      "city": 51,
      "franchise": 51,
      "name": "Jets"
    },
    "model": "data.team",
    "pk": "INJ"
  },
  {
    "fields": {
      "active_team": false,
      "city": 57,
      "franchise": 52,
      "name": "Packers"
    },
    "model": "data.team",
    "pk": "AND"
  },
  {
    "fields": {
      "active_team": false,
      "city": 58,
      "franchise": 53,
      "name": "Hawks"
    },
    "model": "data.team",
    "pk": "WAT"
  },
  {
    "fields": {
      "active_team": false,
      "city": 32,
      "franchise": 42,
      "name": "Buccaneers"
    },
    "model": "data.team",
    "pk": "NOB"
  },
  {
    "fields": {
      "active_team": false,
      "city": 59,
      "franchise": 23,
      "name": "Cougars"
    },
    "model": "data.team",
    "pk": "CAR"
  },
  {
    "fields": {
      "active_team": false,
      "city": 60,
      "franchise": 54,
      "name": "Red Skins"
    },
    "model": "data.team",
    "pk": "SHE"
  },
  {
    "fields": {
      "active_team": false,
      "city": 61,
      "franchise": 6,
      "name": "Royals"
    },
    "model": "data.team",
    "pk": "ROC"
  },
  {
    "fields": {
      "active_team": false,
      "city": 33,
      "franchise": 42,
      "name": "Sounds"
    },
    "model": "data.team",
    "pk": "MMS"
  },
  {
    "fields": {
      "active_team": false,
      "city": 33,
      "franchise": 42,
      "name": "Pros"
    },
    "model": "data.team",
    "pk": "MMP"
  },
  {
    "fields": {
      "active_team": false,
      "city": 28,
      "franchise": 46,
      "name": "Capitals"
    },
    "model": "data.team",
    "pk": "CAP"
  },
  {
    "fields": {
      "active_team": false,
      "city": 38,
      "franchise": 39,
      "name": "Muskies"
    },
    "model": "data.team",
    "pk": "MNM"
  },
  {
    "fields": {
      "active_team": false,
      "city": 27,
      "franchise": 24,
      "name": "Sails"
    },
    "model": "data.team",
    "pk": "SDS"
  }
]
